Configuration,Agent Role,Average Reward,Total Wins,Total Draws,Total Losses,Average Time (ms)
"MCTS(S=30,R=2,D=2) vs Random",Black,0.0,0,10,0,142.0846176147461
"MCTS(S=30,R=2,D=2) vs Random",White,0.0,0,10,0,0.7193279266357421
"MCTS(S=30,R=2,D=3) vs Random",Black,0.0,0,10,0,162.4464750289917
"MCTS(S=30,R=2,D=3) vs Random",White,0.0,0,10,0,0.5706628163655599
"MCTS(S=30,R=3,D=2) vs Random",Black,0.0,0,10,0,171.62862618764242
"MCTS(S=30,R=3,D=2) vs Random",White,0.0,0,10,0,0.6018034617106119
"MCTS(S=30,R=3,D=3) vs Random",Black,0.0,0,10,0,233.78579457600912
"MCTS(S=30,R=3,D=3) vs Random",White,0.0,0,10,0,0.7147041956583657
"MCTS(S=50,R=2,D=2) vs Random",Black,0.0,0,10,0,216.1059109369914
"MCTS(S=50,R=2,D=2) vs Random",White,0.0,0,10,0,0.6401681900024414
"MCTS(S=50,R=2,D=3) vs Random",Black,0.0,0,10,0,265.21174112955725
"MCTS(S=50,R=2,D=3) vs Random",White,0.0,0,10,0,0.6241480509440105
"MCTS(S=50,R=3,D=2) vs Random",Black,0.0,0,10,0,296.7165644963583
"MCTS(S=50,R=3,D=2) vs Random",White,0.0,0,10,0,0.66039244333903
"MCTS(S=50,R=3,D=3) vs Random",Black,0.0,0,10,0,382.4396848678589
"MCTS(S=50,R=3,D=3) vs Random",White,0.0,0,10,0,0.6971708933512369
"MCTS(S=70,R=2,D=2) vs Random",Black,0.0,0,10,0,306.7314275105794
"MCTS(S=70,R=2,D=2) vs Random",White,0.0,0,10,0,0.6504011154174806
"MCTS(S=70,R=2,D=3) vs Random",Black,0.1,1,9,0,398.69559446970624
"MCTS(S=70,R=2,D=3) vs Random",White,-0.1,0,9,1,0.6132384141286212
"MCTS(S=70,R=3,D=2) vs Random",Black,0.0,0,10,0,431.01071198781335
"MCTS(S=70,R=3,D=2) vs Random",White,0.0,0,10,0,0.6215985616048176
"MCTS(S=70,R=3,D=3) vs Random",Black,0.0,0,10,0,535.4923645655314
"MCTS(S=70,R=3,D=3) vs Random",White,0.0,0,10,0,0.6744480133056641
"Random vs MCTS(S=30,R=2,D=2)",Black,-1.0,0,0,10,0.6447773887997582
"Random vs MCTS(S=30,R=2,D=2)",White,1.0,10,0,0,143.5709216764995
"Random vs MCTS(S=30,R=2,D=3)",Black,-1.0,0,0,10,0.5774212915659983
"Random vs MCTS(S=30,R=2,D=3)",White,1.0,10,0,0,170.44697249090518
"Random vs MCTS(S=30,R=3,D=2)",Black,-1.0,0,0,10,0.6959420864028161
"Random vs MCTS(S=30,R=3,D=2)",White,1.0,10,0,0,192.22156471246248
"Random vs MCTS(S=30,R=3,D=3)",Black,-0.9,0,1,9,0.7093456624046205
"Random vs MCTS(S=30,R=3,D=3)",White,0.9,9,1,0,256.8879489482395
"Random vs MCTS(S=50,R=2,D=2)",Black,-1.0,0,0,10,0.5925141732930105
"Random vs MCTS(S=50,R=2,D=2)",White,1.0,10,0,0,227.0747494577157
"Random vs MCTS(S=50,R=2,D=3)",Black,-0.9,0,1,9,0.639337385543669
"Random vs MCTS(S=50,R=2,D=3)",White,0.9,9,1,0,296.8161515205626
"Random vs MCTS(S=50,R=3,D=2)",Black,-1.0,0,0,10,0.6473723858121841
"Random vs MCTS(S=50,R=3,D=2)",White,1.0,10,0,0,321.0390307600536
"Random vs MCTS(S=50,R=3,D=3)",Black,-1.0,0,0,10,0.829408096743154
"Random vs MCTS(S=50,R=3,D=3)",White,1.0,10,0,0,419.0478094040401
"Random vs MCTS(S=70,R=2,D=2)",Black,-1.0,0,0,10,0.6447551269379873
"Random vs MCTS(S=70,R=2,D=2)",White,1.0,10,0,0,368.06158071472527
"Random vs MCTS(S=70,R=2,D=3)",Black,-1.0,0,0,10,0.7004237873650296
"Random vs MCTS(S=70,R=2,D=3)",White,1.0,10,0,0,445.6708729922116
"Random vs MCTS(S=70,R=3,D=2)",Black,-0.9,0,1,9,0.7172330788203648
"Random vs MCTS(S=70,R=3,D=2)",White,0.9,9,1,0,467.1451581943603
"Random vs MCTS(S=70,R=3,D=3)",Black,-1.0,0,0,10,0.6342689632932782
"Random vs MCTS(S=70,R=3,D=3)",White,1.0,10,0,0,611.1413189809481
MiniMax(D=1) vs Random,Black,1.0,10,0,0,11.5631103515625
MiniMax(D=1) vs Random,White,-1.0,0,0,10,0.6319620779582432
MiniMax(D=2) vs Random,Black,0.0,0,10,0,242.99065907796225
MiniMax(D=2) vs Random,White,0.0,0,10,0,0.6574821472167969
Random vs MiniMax(D=1),Black,0.0,0,10,0,0.6640132268269857
Random vs MiniMax(D=1),White,0.0,0,10,0,9.777949651082356
Random vs MiniMax(D=2),Black,0.0,0,10,0,0.6692870457967123
Random vs MiniMax(D=2),White,0.0,0,10,0,252.5301551818847
"MCTS(S=30,R=2,D=2) vs MiniMax(D=1)",Black,0.0,0,10,0,150.43891906738278
"MCTS(S=30,R=2,D=2) vs MiniMax(D=1)",White,0.0,0,10,0,10.740826924641928
"MCTS(S=30,R=2,D=2) vs MiniMax(D=2)",Black,0.0,0,10,0,137.32727845509845
"MCTS(S=30,R=2,D=2) vs MiniMax(D=2)",White,0.0,0,10,0,239.4016488393148
"MCTS(S=30,R=2,D=3) vs MiniMax(D=1)",Black,-0.1,0,9,1,174.46413358052573
"MCTS(S=30,R=2,D=3) vs MiniMax(D=1)",White,0.1,1,9,0,8.425447940826416
"MCTS(S=30,R=2,D=3) vs MiniMax(D=2)",Black,0.0,0,10,0,174.6803283691406
"MCTS(S=30,R=2,D=3) vs MiniMax(D=2)",White,0.0,0,10,0,249.83542283376056
"MCTS(S=30,R=3,D=2) vs MiniMax(D=1)",Black,0.0,0,10,0,185.78872839609784
"MCTS(S=30,R=3,D=2) vs MiniMax(D=1)",White,0.0,0,10,0,9.476941426595054
"MCTS(S=30,R=3,D=2) vs MiniMax(D=2)",Black,0.0,0,10,0,187.85452683766684
"MCTS(S=30,R=3,D=2) vs MiniMax(D=2)",White,0.0,0,10,0,234.9921147028605
"MCTS(S=30,R=3,D=3) vs MiniMax(D=1)",Black,0.0,0,10,0,247.88942019144693
"MCTS(S=30,R=3,D=3) vs MiniMax(D=1)",White,0.0,0,10,0,9.172609647115072
"MCTS(S=30,R=3,D=3) vs MiniMax(D=2)",Black,0.0,0,10,0,240.74629624684653
"MCTS(S=30,R=3,D=3) vs MiniMax(D=2)",White,0.0,0,10,0,269.1933377583822
"MCTS(S=50,R=2,D=2) vs MiniMax(D=1)",Black,0.0,0,10,0,237.6167170206706
"MCTS(S=50,R=2,D=2) vs MiniMax(D=1)",White,0.0,0,10,0,9.399859110514324
"MCTS(S=50,R=2,D=2) vs MiniMax(D=2)",Black,0.0,0,10,0,249.68552589416504
"MCTS(S=50,R=2,D=2) vs MiniMax(D=2)",White,0.0,0,10,0,300.1023705800374
"MCTS(S=50,R=2,D=3) vs MiniMax(D=1)",Black,0.0,0,10,0,320.71527163187665
"MCTS(S=50,R=2,D=3) vs MiniMax(D=1)",White,0.0,0,10,0,10.135955810546875
"MCTS(S=50,R=2,D=3) vs MiniMax(D=2)",Black,0.0,0,10,0,296.0768429438273
"MCTS(S=50,R=2,D=3) vs MiniMax(D=2)",White,0.0,0,10,0,266.07279777526855
"MCTS(S=50,R=3,D=2) vs MiniMax(D=1)",Black,0.0,0,10,0,318.3989731470744
"MCTS(S=50,R=3,D=2) vs MiniMax(D=1)",White,0.0,0,10,0,10.26963233947754
"MCTS(S=50,R=3,D=2) vs MiniMax(D=2)",Black,0.0,0,10,0,344.54013188680017
"MCTS(S=50,R=3,D=2) vs MiniMax(D=2)",White,0.0,0,10,0,301.11939907073975
"MCTS(S=50,R=3,D=3) vs MiniMax(D=1)",Black,0.0,0,10,0,430.77240943908697
"MCTS(S=50,R=3,D=3) vs MiniMax(D=1)",White,0.0,0,10,0,9.710259437561037
"MCTS(S=50,R=3,D=3) vs MiniMax(D=2)",Black,0.0,0,10,0,427.4182335535685
"MCTS(S=50,R=3,D=3) vs MiniMax(D=2)",White,0.0,0,10,0,264.3632284800211
"MCTS(S=70,R=2,D=2) vs MiniMax(D=1)",Black,0.0,0,10,0,368.04778575897217
"MCTS(S=70,R=2,D=2) vs MiniMax(D=1)",White,0.0,0,10,0,11.038076082865398
"MCTS(S=70,R=2,D=2) vs MiniMax(D=2)",Black,0.0,0,10,0,337.0866314570109
"MCTS(S=70,R=2,D=2) vs MiniMax(D=2)",White,0.0,0,10,0,264.8855257034302
"MCTS(S=70,R=2,D=3) vs MiniMax(D=1)",Black,0.0,0,10,0,455.49601236979163
"MCTS(S=70,R=2,D=3) vs MiniMax(D=1)",White,0.0,0,10,0,9.593114852905273
"MCTS(S=70,R=2,D=3) vs MiniMax(D=2)",Black,0.0,0,10,0,446.29270076751715
"MCTS(S=70,R=2,D=3) vs MiniMax(D=2)",White,0.0,0,10,0,289.0760660171509
"MCTS(S=70,R=3,D=2) vs MiniMax(D=1)",Black,0.0,0,10,0,432.73646036783845
"MCTS(S=70,R=3,D=2) vs MiniMax(D=1)",White,0.0,0,10,0,10.11401335398356
"MCTS(S=70,R=3,D=2) vs MiniMax(D=2)",Black,0.0,0,10,0,444.34857686360675
"MCTS(S=70,R=3,D=2) vs MiniMax(D=2)",White,0.0,0,10,0,285.68884531656903
"MCTS(S=70,R=3,D=3) vs MiniMax(D=1)",Black,0.0,0,10,0,564.4335397084553
"MCTS(S=70,R=3,D=3) vs MiniMax(D=1)",White,0.0,0,10,0,12.119053204854328
"MCTS(S=70,R=3,D=3) vs MiniMax(D=2)",Black,0.0,0,10,0,556.2247403462728
"MCTS(S=70,R=3,D=3) vs MiniMax(D=2)",White,0.0,0,10,0,268.8703823089599
"MiniMax(D=1) vs MCTS(S=30,R=2,D=2)",Black,0.0,0,10,0,12.96871026357015
"MiniMax(D=1) vs MCTS(S=30,R=2,D=2)",White,0.0,0,10,0,141.3044261932373
"MiniMax(D=1) vs MCTS(S=30,R=2,D=3)",Black,0.0,0,10,0,14.073017438252766
"MiniMax(D=1) vs MCTS(S=30,R=2,D=3)",White,0.0,0,10,0,177.0025602976481
"MiniMax(D=1) vs MCTS(S=30,R=3,D=2)",Black,0.0,0,10,0,13.459380467732748
"MiniMax(D=1) vs MCTS(S=30,R=3,D=2)",White,0.0,0,10,0,193.71467431386313
"MiniMax(D=1) vs MCTS(S=30,R=3,D=3)",Black,0.0,0,10,0,12.680859565734865
"MiniMax(D=1) vs MCTS(S=30,R=3,D=3)",White,0.0,0,10,0,246.76232179005942
"MiniMax(D=1) vs MCTS(S=50,R=2,D=2)",Black,-0.1,0,9,1,13.464268389202301
"MiniMax(D=1) vs MCTS(S=50,R=2,D=2)",White,0.1,1,9,0,230.35258928934735
"MiniMax(D=1) vs MCTS(S=50,R=2,D=3)",Black,-0.2,0,8,2,12.280605406988235
"MiniMax(D=1) vs MCTS(S=50,R=2,D=3)",White,0.2,2,8,0,300.9058792250497
"MiniMax(D=1) vs MCTS(S=50,R=3,D=2)",Black,-0.3,0,7,3,12.416814168294271
"MiniMax(D=1) vs MCTS(S=50,R=3,D=2)",White,0.3,3,7,0,318.81282329559326
"MiniMax(D=1) vs MCTS(S=50,R=3,D=3)",Black,-0.2,0,8,2,12.425527799697152
"MiniMax(D=1) vs MCTS(S=50,R=3,D=3)",White,0.2,2,8,0,394.55213376453946
"MiniMax(D=1) vs MCTS(S=70,R=2,D=2)",Black,0.0,0,10,0,12.234854698181152
"MiniMax(D=1) vs MCTS(S=70,R=2,D=2)",White,0.0,0,10,0,301.35831991831463
"MiniMax(D=1) vs MCTS(S=70,R=2,D=3)",Black,0.0,0,10,0,8.792881965637209
"MiniMax(D=1) vs MCTS(S=70,R=2,D=3)",White,0.0,0,10,0,309.27061557769775
"MiniMax(D=1) vs MCTS(S=70,R=3,D=2)",Black,0.0,0,10,0,12.367757161458332
"MiniMax(D=1) vs MCTS(S=70,R=3,D=2)",White,0.0,0,10,0,400.59340159098315
"MiniMax(D=1) vs MCTS(S=70,R=3,D=3)",Black,0.2,2,8,0,11.788837114969887
"MiniMax(D=1) vs MCTS(S=70,R=3,D=3)",White,-0.2,0,8,2,563.1263791190253
"MiniMax(D=2) vs MCTS(S=30,R=2,D=2)",Black,0.0,0,10,0,183.14948081970215
"MiniMax(D=2) vs MCTS(S=30,R=2,D=2)",White,0.0,0,10,0,124.48238690694173
"MiniMax(D=2) vs MCTS(S=30,R=2,D=3)",Black,0.1,1,9,0,197.17791557312015
"MiniMax(D=2) vs MCTS(S=30,R=2,D=3)",White,-0.1,0,9,1,159.93184464318412
"MiniMax(D=2) vs MCTS(S=30,R=3,D=2)",Black,0.0,0,10,0,184.19922828674316
"MiniMax(D=2) vs MCTS(S=30,R=3,D=2)",White,0.0,0,10,0,169.4179662068685
"MiniMax(D=2) vs MCTS(S=30,R=3,D=3)",Black,-0.1,0,9,1,184.80974061148507
"MiniMax(D=2) vs MCTS(S=30,R=3,D=3)",White,0.1,1,9,0,217.04373461859566
"MiniMax(D=2) vs MCTS(S=50,R=2,D=2)",Black,0.0,0,10,0,188.80393346150714
"MiniMax(D=2) vs MCTS(S=50,R=2,D=2)",White,0.0,0,10,0,214.70768610636392
"MiniMax(D=2) vs MCTS(S=50,R=2,D=3)",Black,-0.1,0,9,1,184.07903989156088
"MiniMax(D=2) vs MCTS(S=50,R=2,D=3)",White,0.1,1,9,0,258.95229975382483
"MiniMax(D=2) vs MCTS(S=50,R=3,D=2)",Black,-0.1,0,9,1,186.06689339592344
"MiniMax(D=2) vs MCTS(S=50,R=3,D=2)",White,0.1,1,9,0,282.15615420114426
"MiniMax(D=2) vs MCTS(S=50,R=3,D=3)",Black,0.0,0,10,0,179.66590563456217
"MiniMax(D=2) vs MCTS(S=50,R=3,D=3)",White,0.0,0,10,0,354.6727005640666
"MiniMax(D=2) vs MCTS(S=70,R=2,D=2)",Black,-0.1,0,9,1,198.7228266398112
"MiniMax(D=2) vs MCTS(S=70,R=2,D=2)",White,0.1,1,9,0,304.61264928181964
"MiniMax(D=2) vs MCTS(S=70,R=2,D=3)",Black,0.0,0,10,0,208.57383569081622
"MiniMax(D=2) vs MCTS(S=70,R=2,D=3)",White,0.0,0,10,0,380.6403462092082
"MiniMax(D=2) vs MCTS(S=70,R=3,D=2)",Black,0.0,0,10,0,198.10787995656335
"MiniMax(D=2) vs MCTS(S=70,R=3,D=2)",White,0.0,0,10,0,401.81891600290925
"MiniMax(D=2) vs MCTS(S=70,R=3,D=3)",Black,0.0,0,10,0,212.04761981964108
"MiniMax(D=2) vs MCTS(S=70,R=3,D=3)",White,0.0,0,10,0,527.6020272572837
"MCTS(S=30,R=2,D=2) vs MCTS(S=30,R=2,D=2)",Black,-1.0,0,0,10,146.1211284001668
"MCTS(S=30,R=2,D=2) vs MCTS(S=30,R=2,D=2)",White,1.0,10,0,0,145.4808533191681
"MCTS(S=30,R=2,D=2) vs MCTS(S=30,R=2,D=3)",Black,-1.0,0,0,10,153.33989779154462
"MCTS(S=30,R=2,D=2) vs MCTS(S=30,R=2,D=3)",White,1.0,10,0,0,184.9358034133911
"MCTS(S=30,R=2,D=2) vs MCTS(S=30,R=3,D=2)",Black,-1.0,0,0,10,158.2952936490377
"MCTS(S=30,R=2,D=2) vs MCTS(S=30,R=3,D=2)",White,1.0,10,0,0,208.37868650754294
"MCTS(S=30,R=2,D=2) vs MCTS(S=30,R=3,D=3)",Black,-1.0,0,0,10,152.72578875223797
"MCTS(S=30,R=2,D=2) vs MCTS(S=30,R=3,D=3)",White,1.0,10,0,0,252.5204658508301
"MCTS(S=30,R=2,D=2) vs MCTS(S=50,R=2,D=2)",Black,-0.5,0,5,5,151.79218436732435
"MCTS(S=30,R=2,D=2) vs MCTS(S=50,R=2,D=2)",White,0.5,5,5,0,266.03071776303375
"MCTS(S=30,R=2,D=2) vs MCTS(S=50,R=2,D=3)",Black,-1.0,0,0,10,151.84224287668863
"MCTS(S=30,R=2,D=2) vs MCTS(S=50,R=2,D=3)",White,1.0,10,0,0,308.77755006154376
"MCTS(S=30,R=2,D=2) vs MCTS(S=50,R=3,D=2)",Black,-0.5,0,5,5,147.21739147648665
"MCTS(S=30,R=2,D=2) vs MCTS(S=50,R=3,D=2)",White,0.5,5,5,0,329.03003490332406
"MCTS(S=30,R=2,D=2) vs MCTS(S=50,R=3,D=3)",Black,-1.0,0,0,10,147.16933568318686
"MCTS(S=30,R=2,D=2) vs MCTS(S=50,R=3,D=3)",White,1.0,10,0,0,411.46457831064856
"MCTS(S=30,R=2,D=2) vs MCTS(S=70,R=2,D=2)",Black,-1.0,0,0,10,149.14291771975437
"MCTS(S=30,R=2,D=2) vs MCTS(S=70,R=2,D=2)",White,1.0,10,0,0,347.9243755340576
"MCTS(S=30,R=2,D=2) vs MCTS(S=70,R=2,D=3)",Black,-1.0,0,0,10,151.51287828172954
"MCTS(S=30,R=2,D=2) vs MCTS(S=70,R=2,D=3)",White,1.0,10,0,0,471.2256755147662
"MCTS(S=30,R=2,D=2) vs MCTS(S=70,R=3,D=2)",Black,-1.0,0,0,10,142.52288840033788
"MCTS(S=30,R=2,D=2) vs MCTS(S=70,R=3,D=2)",White,1.0,10,0,0,437.59075511585576
"MCTS(S=30,R=2,D=2) vs MCTS(S=70,R=3,D=3)",Black,-1.0,0,0,10,134.76924555642262
"MCTS(S=30,R=2,D=2) vs MCTS(S=70,R=3,D=3)",White,1.0,10,0,0,546.6381294386726
"MCTS(S=30,R=2,D=3) vs MCTS(S=30,R=2,D=3)",Black,0.0,0,10,0,137.53967920939127
"MCTS(S=30,R=2,D=3) vs MCTS(S=30,R=2,D=3)",White,0.0,0,10,0,134.58334922790527
"MCTS(S=30,R=2,D=3) vs MCTS(S=30,R=3,D=2)",Black,0.0,0,10,0,173.91265551249185
"MCTS(S=30,R=2,D=3) vs MCTS(S=30,R=3,D=2)",White,0.0,0,10,0,183.8102134068807
"MCTS(S=30,R=2,D=3) vs MCTS(S=30,R=3,D=3)",Black,0.0,0,10,0,179.93424097696942
"MCTS(S=30,R=2,D=3) vs MCTS(S=30,R=3,D=3)",White,0.0,0,10,0,247.30103969573972
"MCTS(S=30,R=2,D=3) vs MCTS(S=50,R=2,D=2)",Black,-1.0,0,0,10,169.23676133155823
"MCTS(S=30,R=2,D=3) vs MCTS(S=50,R=2,D=2)",White,1.0,10,0,0,230.54110010464987
"MCTS(S=30,R=2,D=3) vs MCTS(S=50,R=2,D=3)",Black,0.0,0,10,0,137.59287993113202
"MCTS(S=30,R=2,D=3) vs MCTS(S=50,R=2,D=3)",White,0.0,0,10,0,233.10900847117105
"MCTS(S=30,R=2,D=3) vs MCTS(S=50,R=3,D=2)",Black,-1.0,0,0,10,140.99040627479553
"MCTS(S=30,R=2,D=3) vs MCTS(S=50,R=3,D=2)",White,1.0,10,0,0,244.32372252146405
"MCTS(S=30,R=2,D=3) vs MCTS(S=50,R=3,D=3)",Black,0.0,0,10,0,130.672877629598
"MCTS(S=30,R=2,D=3) vs MCTS(S=50,R=3,D=3)",White,0.0,0,10,0,301.80550416310626
"MCTS(S=30,R=2,D=3) vs MCTS(S=70,R=2,D=2)",Black,0.0,0,10,0,133.23444366455078
"MCTS(S=30,R=2,D=3) vs MCTS(S=70,R=2,D=2)",White,0.0,0,10,0,245.86182117462158
"MCTS(S=30,R=2,D=3) vs MCTS(S=70,R=2,D=3)",Black,-1.0,0,0,10,136.458029349645
"MCTS(S=30,R=2,D=3) vs MCTS(S=70,R=2,D=3)",White,1.0,10,0,0,342.2414163748423
"MCTS(S=30,R=2,D=3) vs MCTS(S=70,R=3,D=2)",Black,0.0,0,10,0,134.8834164937337
"MCTS(S=30,R=2,D=3) vs MCTS(S=70,R=3,D=2)",White,0.0,0,10,0,320.8577346801758
"MCTS(S=30,R=2,D=3) vs MCTS(S=70,R=3,D=3)",Black,-1.0,0,0,10,132.41209983825684
"MCTS(S=30,R=2,D=3) vs MCTS(S=70,R=3,D=3)",White,1.0,10,0,0,449.53888654708874
"MCTS(S=30,R=3,D=2) vs MCTS(S=30,R=3,D=2)",Black,-1.0,0,0,10,142.613943417867
"MCTS(S=30,R=3,D=2) vs MCTS(S=30,R=3,D=2)",White,1.0,10,0,0,148.59115282694495
"MCTS(S=30,R=3,D=2) vs MCTS(S=30,R=3,D=3)",Black,-1.0,0,0,10,146.9492864608765
"MCTS(S=30,R=3,D=2) vs MCTS(S=30,R=3,D=3)",White,1.0,10,0,0,179.9149322509766
"MCTS(S=30,R=3,D=2) vs MCTS(S=50,R=2,D=2)",Black,-0.5,0,5,5,143.9339052547108
"MCTS(S=30,R=3,D=2) vs MCTS(S=50,R=2,D=2)",White,0.5,5,5,0,187.4612368959369
"MCTS(S=30,R=3,D=2) vs MCTS(S=50,R=2,D=3)",Black,-1.0,0,0,10,140.27986685434976
"MCTS(S=30,R=3,D=2) vs MCTS(S=50,R=2,D=3)",White,1.0,10,0,0,220.53585370381674
"MCTS(S=30,R=3,D=2) vs MCTS(S=50,R=3,D=2)",Black,-0.5,0,5,5,143.50711822509766
"MCTS(S=30,R=3,D=2) vs MCTS(S=50,R=3,D=2)",White,0.5,5,5,0,241.42542188817802
"MCTS(S=30,R=3,D=2) vs MCTS(S=50,R=3,D=3)",Black,-1.0,0,0,10,170.77754179636636
"MCTS(S=30,R=3,D=2) vs MCTS(S=50,R=3,D=3)",White,1.0,10,0,0,358.8259220123291
"MCTS(S=30,R=3,D=2) vs MCTS(S=70,R=2,D=2)",Black,-1.0,0,0,10,196.47570219906893
"MCTS(S=30,R=3,D=2) vs MCTS(S=70,R=2,D=2)",White,1.0,10,0,0,349.8017917979847
"MCTS(S=30,R=3,D=2) vs MCTS(S=70,R=2,D=3)",Black,-1.0,0,0,10,183.71374096189228
"MCTS(S=30,R=3,D=2) vs MCTS(S=70,R=2,D=3)",White,1.0,10,0,0,414.80446713311323
"MCTS(S=30,R=3,D=2) vs MCTS(S=70,R=3,D=2)",Black,-1.0,0,0,10,189.55930774862114
"MCTS(S=30,R=3,D=2) vs MCTS(S=70,R=3,D=2)",White,1.0,10,0,0,446.6909712011164
"MCTS(S=30,R=3,D=2) vs MCTS(S=70,R=3,D=3)",Black,-1.0,0,0,10,157.09457227161948
"MCTS(S=30,R=3,D=2) vs MCTS(S=70,R=3,D=3)",White,1.0,10,0,0,479.41194602421353
"MCTS(S=30,R=3,D=3) vs MCTS(S=30,R=3,D=3)",Black,0.0,0,10,0,192.59037176767984
"MCTS(S=30,R=3,D=3) vs MCTS(S=30,R=3,D=3)",White,0.0,0,10,0,188.90438079833984
"MCTS(S=30,R=3,D=3) vs MCTS(S=50,R=2,D=2)",Black,-1.0,0,0,10,201.87671383221942
"MCTS(S=30,R=3,D=3) vs MCTS(S=50,R=2,D=2)",White,1.0,10,0,0,193.03503433863324
"MCTS(S=30,R=3,D=3) vs MCTS(S=50,R=2,D=3)",Black,0.0,0,10,0,188.9744488398234
"MCTS(S=30,R=3,D=3) vs MCTS(S=50,R=2,D=3)",White,0.0,0,10,0,236.1414686838786
"MCTS(S=30,R=3,D=3) vs MCTS(S=50,R=3,D=2)",Black,-1.0,0,0,10,222.4029918511708
"MCTS(S=30,R=3,D=3) vs MCTS(S=50,R=3,D=2)",White,1.0,10,0,0,288.08431824048364
"MCTS(S=30,R=3,D=3) vs MCTS(S=50,R=3,D=3)",Black,0.0,0,10,0,239.0478674570719
"MCTS(S=30,R=3,D=3) vs MCTS(S=50,R=3,D=3)",White,0.0,0,10,0,397.8876479466756
"MCTS(S=30,R=3,D=3) vs MCTS(S=70,R=2,D=2)",Black,0.0,0,10,0,202.42041905721027
"MCTS(S=30,R=3,D=3) vs MCTS(S=70,R=2,D=2)",White,0.0,0,10,0,263.2360982894898
"MCTS(S=30,R=3,D=3) vs MCTS(S=70,R=2,D=3)",Black,-1.0,0,0,10,190.19847313563025
"MCTS(S=30,R=3,D=3) vs MCTS(S=70,R=2,D=3)",White,1.0,10,0,0,345.87281346321106
"MCTS(S=30,R=3,D=3) vs MCTS(S=70,R=3,D=2)",Black,0.0,0,10,0,180.33623377482098
"MCTS(S=30,R=3,D=3) vs MCTS(S=70,R=3,D=2)",White,0.0,0,10,0,312.30115731557214
"MCTS(S=30,R=3,D=3) vs MCTS(S=70,R=3,D=3)",Black,-1.0,0,0,10,213.87929717699686
"MCTS(S=30,R=3,D=3) vs MCTS(S=70,R=3,D=3)",White,1.0,10,0,0,522.2556908925376
"MCTS(S=50,R=2,D=2) vs MCTS(S=50,R=2,D=2)",Black,0.0,0,10,0,195.31994660695392
"MCTS(S=50,R=2,D=2) vs MCTS(S=50,R=2,D=2)",White,0.0,0,10,0,175.81393877665204
"MCTS(S=50,R=2,D=2) vs MCTS(S=50,R=2,D=3)",Black,0.0,0,10,0,208.26459407806394
"MCTS(S=50,R=2,D=2) vs MCTS(S=50,R=2,D=3)",White,0.0,0,10,0,248.6199792226156
"MCTS(S=50,R=2,D=2) vs MCTS(S=50,R=3,D=2)",Black,0.0,0,10,0,205.6459585825602
"MCTS(S=50,R=2,D=2) vs MCTS(S=50,R=3,D=2)",White,0.0,0,10,0,249.9861415227254
"MCTS(S=50,R=2,D=2) vs MCTS(S=50,R=3,D=3)",Black,0.0,0,10,0,215.59372425079349
"MCTS(S=50,R=2,D=2) vs MCTS(S=50,R=3,D=3)",White,0.0,0,10,0,354.2557414372762
"MCTS(S=50,R=2,D=2) vs MCTS(S=70,R=2,D=2)",Black,0.0,0,10,0,213.84620348612467
"MCTS(S=50,R=2,D=2) vs MCTS(S=70,R=2,D=2)",White,0.0,0,10,0,279.5768737792969
"MCTS(S=50,R=2,D=2) vs MCTS(S=70,R=2,D=3)",Black,0.0,0,10,0,187.2140423456828
"MCTS(S=50,R=2,D=2) vs MCTS(S=70,R=2,D=3)",White,0.0,0,10,0,314.5297288894653
"MCTS(S=50,R=2,D=2) vs MCTS(S=70,R=3,D=2)",Black,0.0,0,10,0,219.3463706970215
"MCTS(S=50,R=2,D=2) vs MCTS(S=70,R=3,D=2)",White,0.0,0,10,0,381.2349923451742
"MCTS(S=50,R=2,D=2) vs MCTS(S=70,R=3,D=3)",Black,0.0,0,10,0,208.4095255533854
"MCTS(S=50,R=2,D=2) vs MCTS(S=70,R=3,D=3)",White,0.0,0,10,0,464.3850946426391
"MCTS(S=50,R=2,D=3) vs MCTS(S=50,R=2,D=3)",Black,0.0,0,10,0,227.92724927266437
"MCTS(S=50,R=2,D=3) vs MCTS(S=50,R=2,D=3)",White,0.0,0,10,0,232.40792592366537
"MCTS(S=50,R=2,D=3) vs MCTS(S=50,R=3,D=2)",Black,0.0,0,10,0,268.86723200480145
"MCTS(S=50,R=2,D=3) vs MCTS(S=50,R=3,D=2)",White,0.0,0,10,0,278.83642832438153
"MCTS(S=50,R=2,D=3) vs MCTS(S=50,R=3,D=3)",Black,0.0,0,10,0,251.94472312927246
"MCTS(S=50,R=2,D=3) vs MCTS(S=50,R=3,D=3)",White,0.0,0,10,0,338.9001735051473
"MCTS(S=50,R=2,D=3) vs MCTS(S=70,R=2,D=2)",Black,0.0,0,10,0,274.6072562535604
"MCTS(S=50,R=2,D=3) vs MCTS(S=70,R=2,D=2)",White,0.0,0,10,0,305.2769486109416
"MCTS(S=50,R=2,D=3) vs MCTS(S=70,R=2,D=3)",Black,0.0,0,10,0,266.893884340922
"MCTS(S=50,R=2,D=3) vs MCTS(S=70,R=2,D=3)",White,0.0,0,10,0,390.4228417078654
"MCTS(S=50,R=2,D=3) vs MCTS(S=70,R=3,D=2)",Black,0.0,0,10,0,238.21905612945557
"MCTS(S=50,R=2,D=3) vs MCTS(S=70,R=3,D=2)",White,0.0,0,10,0,346.73265139261883
"MCTS(S=50,R=2,D=3) vs MCTS(S=70,R=3,D=3)",Black,0.0,0,10,0,232.14186191558832
"MCTS(S=50,R=2,D=3) vs MCTS(S=70,R=3,D=3)",White,0.0,0,10,0,458.2607730229696
"MCTS(S=50,R=3,D=2) vs MCTS(S=50,R=3,D=2)",Black,0.0,0,10,0,281.82250976562494
"MCTS(S=50,R=3,D=2) vs MCTS(S=50,R=3,D=2)",White,0.0,0,10,0,265.2808539072672
"MCTS(S=50,R=3,D=2) vs MCTS(S=50,R=3,D=3)",Black,0.0,0,10,0,263.3915122350057
"MCTS(S=50,R=3,D=2) vs MCTS(S=50,R=3,D=3)",White,0.0,0,10,0,328.63989830017096
"MCTS(S=50,R=3,D=2) vs MCTS(S=70,R=2,D=2)",Black,0.0,0,10,0,253.58317216237387
"MCTS(S=50,R=3,D=2) vs MCTS(S=70,R=2,D=2)",White,0.0,0,10,0,252.01238473256427
"MCTS(S=50,R=3,D=2) vs MCTS(S=70,R=2,D=3)",Black,0.0,0,10,0,246.18298371632892
"MCTS(S=50,R=3,D=2) vs MCTS(S=70,R=2,D=3)",White,0.0,0,10,0,313.39893658955896
"MCTS(S=50,R=3,D=2) vs MCTS(S=70,R=3,D=2)",Black,0.0,0,10,0,259.6770620346069
"MCTS(S=50,R=3,D=2) vs MCTS(S=70,R=3,D=2)",White,0.0,0,10,0,350.314663251241
"MCTS(S=50,R=3,D=2) vs MCTS(S=70,R=3,D=3)",Black,0.0,0,10,0,254.8356119791667
"MCTS(S=50,R=3,D=2) vs MCTS(S=70,R=3,D=3)",White,0.0,0,10,0,425.18846511840826
"MCTS(S=50,R=3,D=3) vs MCTS(S=50,R=3,D=3)",Black,0.0,0,10,0,352.2808885574341
"MCTS(S=50,R=3,D=3) vs MCTS(S=50,R=3,D=3)",White,0.0,0,10,0,350.7613436381022
"MCTS(S=50,R=3,D=3) vs MCTS(S=70,R=2,D=2)",Black,0.0,0,10,0,344.5975430806478
"MCTS(S=50,R=3,D=3) vs MCTS(S=70,R=2,D=2)",White,0.0,0,10,0,283.8323291142781
"MCTS(S=50,R=3,D=3) vs MCTS(S=70,R=2,D=3)",Black,0.0,0,10,0,379.28500175476074
"MCTS(S=50,R=3,D=3) vs MCTS(S=70,R=2,D=3)",White,0.0,0,10,0,414.82284704844153
"MCTS(S=50,R=3,D=3) vs MCTS(S=70,R=3,D=2)",Black,0.0,0,10,0,396.32997353871656
"MCTS(S=50,R=3,D=3) vs MCTS(S=70,R=3,D=2)",White,0.0,0,10,0,428.1013059616089
"MCTS(S=50,R=3,D=3) vs MCTS(S=70,R=3,D=3)",Black,0.0,0,10,0,358.99081071217853
"MCTS(S=50,R=3,D=3) vs MCTS(S=70,R=3,D=3)",White,0.0,0,10,0,516.9547319412231
"MCTS(S=70,R=2,D=2) vs MCTS(S=70,R=2,D=2)",Black,0.0,0,10,0,268.0190817515055
"MCTS(S=70,R=2,D=2) vs MCTS(S=70,R=2,D=2)",White,0.0,0,10,0,248.22083632151288
"MCTS(S=70,R=2,D=2) vs MCTS(S=70,R=2,D=3)",Black,0.0,0,10,0,274.7797409693399
"MCTS(S=70,R=2,D=2) vs MCTS(S=70,R=2,D=3)",White,0.0,0,10,0,335.30074596405035
"MCTS(S=70,R=2,D=2) vs MCTS(S=70,R=3,D=2)",Black,0.0,0,10,0,257.5680605570475
"MCTS(S=70,R=2,D=2) vs MCTS(S=70,R=3,D=2)",White,0.0,0,10,0,323.2304445902506
"MCTS(S=70,R=2,D=2) vs MCTS(S=70,R=3,D=3)",Black,0.0,0,10,0,277.41437117258704
"MCTS(S=70,R=2,D=2) vs MCTS(S=70,R=3,D=3)",White,0.0,0,10,0,463.47953160603845
"MCTS(S=70,R=2,D=3) vs MCTS(S=70,R=2,D=3)",Black,-1.0,0,0,10,371.1122072660006
"MCTS(S=70,R=2,D=3) vs MCTS(S=70,R=2,D=3)",White,1.0,10,0,0,397.39922376779407
"MCTS(S=70,R=2,D=3) vs MCTS(S=70,R=3,D=2)",Black,0.0,0,10,0,379.27879333496094
"MCTS(S=70,R=2,D=3) vs MCTS(S=70,R=3,D=2)",White,0.0,0,10,0,416.5327676137288
"MCTS(S=70,R=2,D=3) vs MCTS(S=70,R=3,D=3)",Black,-1.0,0,0,10,339.3751291128305
"MCTS(S=70,R=2,D=3) vs MCTS(S=70,R=3,D=3)",White,1.0,10,0,0,482.4413794737595
"MCTS(S=70,R=3,D=2) vs MCTS(S=70,R=3,D=2)",Black,0.0,0,10,0,334.53897794087726
"MCTS(S=70,R=3,D=2) vs MCTS(S=70,R=3,D=2)",White,0.0,0,10,0,314.86126422882074
"MCTS(S=70,R=3,D=2) vs MCTS(S=70,R=3,D=3)",Black,0.0,0,10,0,395.6248585383097
"MCTS(S=70,R=3,D=2) vs MCTS(S=70,R=3,D=3)",White,0.0,0,10,0,483.98978551228845
"MCTS(S=70,R=3,D=3) vs MCTS(S=70,R=3,D=3)",Black,-1.0,0,0,10,505.79761358407825
"MCTS(S=70,R=3,D=3) vs MCTS(S=70,R=3,D=3)",White,1.0,10,0,0,539.6071690779465
